#OTUID	CN19Sc25_12_eDNA_JJ	CN19Sc34_12_eDNA_RR	CN19Sc34_11_eDNA_RR	CN19Sc34_9_eDNA_RR	CN19Sc34_8_eDNA_RR	CN19Sc34_7_eDNA_RR	CN19Sc34_6_eDNA_RR	CN19Sc34_4_eDNA_RR	CN19Sc03_12_eDNA_JJ	CN19Sc03_10_eDNA_JJ	CN19Sc03_9_eDNA_JJ	CN19Sc03_7_eDNA_JJ	CN19Sc03_5_eDNA_JJ	CN19Sc03_4_eDNA_JJ	CN19Sc03_3_eDNA_JJ	CN19Sc12_12_eDNA_JJ	CN19Sc12_10_eDNA_JJ	CN19Sc12_9_eDNA_JJ	CN19Sc12_7_eDNA_JJ	CN19Sc12_5_eDNA_JJ	CN19Sc12_4_eDNA_JJ	CN19Sc12_3_eDNA_JJ	CN19Sc18_12_eDNA_JJ	CN19Sc18_10_eDNA_JJ	CN19Sc18_9_eDNA_JJ	CN19Sc18_8_eDNA_JJ	CN19Sc18_7_eDNA_JJ	CN19Sc18_5_eDNA_JJ	CN19Sc18_4_eDNA_JJ	CN19Sc18_3_eDNA_JJ	CN19Sc25_10_eDNA_JJ	CN19Sc25_9_eDNA_JJ	CN19Sc25_7_eDNA_JJ	CN19Sc25_6_eDNA_JJ	CN19Sc25_5_eDNA_JJ	CN19Sc25_4_eDNA_JJ
ASV_2	1	0	0	0	0	0	0	0	0	0	0	0	0	0	0	0	0	0	0	0	0	0	0	0	0	0	0	0	0	0	0	0	0	0	0	0
ASV_8	4	2	9	3	6	0	0	14	3	499	3	1	1832	7	3	0	15	4110	0	2232	63	2211	0	71	6295	3622	6	14174	26411	41	5	0	5	1	52	2
ASV_10	3	2	0	14	3	8	0	1	1	1001	1	108	5	0	2	14	15	2	7518	1	5	5	3	1492	9120	5307	1	17	4	7	1	5	3	3	3	2
ASV_11	1676	0	0	0	0	0	0	0	0	0	1	0	0	0	0	1	0	0	0	0	0	0	3246	0	0	0	0	1	0	0	0	0	0	1	2	0
ASV_13	0	1	1	2	6253	2	0	0	0	238	0	5	3656	0	5	6	3	5048	1714	3048	1	0	1	1	1	0	9	2	0	1	1485	5	1	3	3584	0
ASV_15	0	0	0	0	0	0	0	0	0	0	0	0	0	0	0	0	0	0	0	1	0	0	0	1	0	0	0	0	0	0	0	0	0	0	0	2
ASV_16	762	0	0	0	0	0	0	0	0	1	1	0	0	0	0	0	1	0	2	0	1	1	2	0	1	2	0	0	1	0	0	1	0	0	0	0
ASV_19	9	2	0	6886	4	2	0	0	1	3390	3	4	3	0	3	1	3	183	0	3	5	7	0	4	2	4	1	0	0	2	5	3	1	0	0	6
ASV_20	0	0	0	0	1	0	0	1	1	1	0	9	0	0	3	0	0	0	0	1	52	0	0	3	2	0	5	0	0	2	2	0	0	0	0	1
ASV_21	907	0	2	0	1	0	0	1	6	148	7175	3303	4	42	8	3426	9	6	5	3	13	10438	2	4	3	5	3	4	1	4	16	2	2	8	9	8597
ASV_23	698	0	0	0	0	0	0	0	0	0	0	0	0	0	0	0	0	0	0	0	0	0	19	0	0	0	0	0	0	0	0	0	0	0	1	0
ASV_27	0	0	0	0	0	0	0	0	0	1	0	0	0	0	0	0	0	0	0	0	0	0	0	0	0	0	0	0	0	0	0	0	0	0	0	0
ASV_28	6	3	2	0	0	1	0	1	1	3	3	3	6491	1	2	3	1638	3	2	8	6960	2982	0	1820	18	4784	3	19	140	2	514	4	2	2	7	5
ASV_30	0	0	0	0	0	0	0	0	0	2	0	0	10	0	0	0	0	0	2403	0	0	0	1	0	0	0	0	0	0	0	0	0	0	0	1	0
ASV_33	0	0	0	0	0	0	0	0	1	0	0	0	0	0	0	0	0	0	0	2954	0	1	0	1	0	0	0	0	0	0	0	0	0	0	0	3
ASV_41	0	1004	0	0	4	0	0	0	8	0	0	0	1	2	0	3	2	0	0	0	0	0	764	0	0	0	0	0	2	0	0	0	3	0	2	0
ASV_43	3	0	2	0	0	0	0	2	0	1	13	3	0	0	12	11	3	0	0	0	0	17	0	0	0	1	0	0	1	0	0	0	1	0	0	9
ASV_45	0	0	0	5	0	0	1	0	0	0	0	0	0	0	0	0	0	0	0	0	0	0	0	0	0	0	0	0	0	0	0	0	0	0	0	0
ASV_50	0	0	0	0	0	2	0	0	0	0	0	0	0	0	1	0	0	1	0	0	0	0	0	0	0	0	0	0	1	3839	0	0	0	0	0	0
ASV_54	0	0	0	0	0	0	0	0	0	0	0	0	0	0	0	0	0	0	0	0	0	0	0	0	0	0	0	0	4	7909	0	0	0	0	0	0
ASV_61	2	0	0	0	0	0	0	0	0	0	0	0	0	0	0	0	0	0	0	0	0	0	0	0	1	6093	2	1	0	0	0	0	0	0	0	1
ASV_62	0	0	0	0	0	0	0	0	0	0	0	0	0	29	0	0	3	0	0	0	0	4064	0	0	0	2	0	0	0	0	0	0	0	0	0	0
ASV_68	2	0	0	0	2	4	0	0	0	0	1	2849	0	0	4	0	3	3683	2	0	3	1	0	0	0	3	1	0	0	1	1	0	0	2	0	0
ASV_70	849	0	0	0	0	0	0	0	0	0	0	0	0	0	0	0	0	0	0	0	0	0	0	0	0	0	3	0	0	0	4527	1	0	1	0	0
ASV_78	0	0	0	0	0	0	0	0	0	0	0	0	0	0	0	0	0	0	0	0	0	0	1	3	0	0	0	0	0	0	0	0	0	0	0	1
ASV_87	1	0	0	0	0	0	0	0	0	0	1	0	0	0	0	0	0	0	0	0	0	0	0	0	0	0	0	0	0	0	0	0	0	0	0	0
ASV_99	0	0	0	0	0	0	0	0	0	2	0	0	0	0	2	0	0	0	0	0	0	0	0	0	1	0	0	0	0	0	0	0	0	1	0	0
ASV_117	0	5	0	0	0	1	0	0	0	0	0	0	0	0	0	0	1	4	2	0	0	0	3	0	14	1	0	10	8	0	0	0	1	1	8308	0
ASV_125	0	0	0	0	0	0	0	0	2	0	0	1	0	16	28863	0	0	7	2	0	0	0	2	0	0	0	0	0	4	1860	0	0	0	15	3	0
ASV_135	0	0	0	0	0	0	0	0	0	0	0	3	0	0	0	0	0	0	0	0	0	0	0	0	0	2	3	0	1	0	6	0	0	0	0	0
ASV_162	0	0	0	0	0	0	0	0	0	0	0	0	0	2	0	0	2	0	0	0	0	0	0	0	0	0	0	0	1	0	0	0	4	0	0	0
ASV_163	0	0	0	0	0	0	0	0	0	0	0	5	11	0	0	3	0	1	0	9	3	1	0	0	0	0	6	4	0	0	3	18	0	0	0	0
ASV_191	1	0	0	0	0	0	0	0	0	1	4	3	0	1	1	8	0	0	0	0	0	8	0	0	0	0	0	0	0	1	0	0	0	0	0	20
ASV_223	0	0	0	0	0	0	0	0	0	2285	0	1	0	0	0	0	0	0	0	0	0	0	0	0	0	0	0	0	0	0	0	0	0	0	0	0
ASV_232	0	0	0	0	0	0	0	0	0	0	0	2	0	0	0	0	0	0	0	0	0	0	0	0	0	0	1	0	0	0	0	0	0	0	0	0
ASV_245	0	0	0	0	0	0	0	0	0	0	0	0	2	0	0	0	0	2	0	2	0	10	0	0	4299	3	0	10	31	7040	0	0	0	1	2	0
ASV_254	0	2	0	0	0	0	0	0	0	0	0	0	0	0	0	0	0	0	0	0	0	0	0	0	0	0	0	0	0	0	0	0	0	0	0	0
ASV_270	0	0	0	0	0	7	0	0	0	0	0	0	0	0	0	0	0	0	0	0	0	0	0	0	0	0	0	0	0	0	0	0	0	0	0	0
ASV_278	0	0	0	0	0	0	0	0	0	0	0	2	0	0	0	0	0	0	0	0	0	0	0	0	0	0	8	0	0	0	7	0	0	0	0	0
ASV_283	1	0	0	0	0	0	0	0	0	1	9	66	0	0	0	8	0	0	0	0	0	34	0	0	0	0	0	0	0	0	0	0	0	0	0	33
ASV_314	0	0	0	0	0	0	0	0	0	1	0	0	3	0	0	0	0	1	0	4	2	0	0	5	5	0	0	2	5	3	0	0	0	2	22	1
ASV_316	1	0	0	0	0	0	0	0	0	0	0	0	2	0	0	1	0	0	0	0	0	0	0	0	0	0	0	3	0	0	1	5972	2	0	0	0
ASV_356	0	0	0	0	0	0	0	0	0	0	0	0	0	0	0	0	0	5	0	1	0	3	0	1	7	5	0	12	19	1	0	1	0	0	0	0
ASV_407	0	0	1	0	0	0	0	0	0	0	0	0	0	0	0	0	0	0	0	0	0	0	0	0	0	0	0	0	0	0	0	0	0	0	0	0
ASV_426	0	0	0	0	0	0	0	0	0	0	0	0	0	0	0	0	0	0	0	0	2	0	0	0	0	0	0	0	0	0	0	0	0	0	0	0
ASV_484	0	0	0	0	0	0	0	0	37	9	0	0	0	0	0	0	0	0	0	0	41	0	0	0	0	0	0	294	0	0	0	0	0	0	0	0
ASV_489	0	0	0	1	0	0	0	1	0	0	0	0	0	0	0	0	0	1	0	0	1183	0	0	1	0	0	0	0	3	948	0	0	0	0	0	0
ASV_515	0	0	0	0	0	0	0	0	0	2	0	0	0	0	0	0	0	0	28	1	1	0	0	2	4428	35	0	0	0	0	0	0	0	0	0	0
ASV_554	0	0	0	0	0	0	0	0	0	0	0	0	0	0	302	0	0	0	0	0	0	0	0	0	0	0	0	1833	0	0	0	0	0	0	0	0
ASV_599	0	0	0	0	0	0	0	10543	0	0	0	0	0	0	0	0	0	0	0	0	0	0	0	0	0	0	0	0	0	0	0	0	0	0	0	0
ASV_618	0	0	0	0	0	0	0	0	0	0	0	0	0	0	0	0	0	0	0	0	1	0	0	0	0	0	0	0	0	0	1	0	0	0	0	0
ASV_636	0	0	0	0	0	0	0	0	0	2	5	9529	1	1	0	0	0	0	1	0	0	0	0	0	0	0	1	0	0	0	8	0	0	0	0	0
ASV_639	0	0	0	0	0	0	0	0	0	0	0	0	0	0	225	0	0	0	0	0	0	0	0	0	0	0	0	7	0	0	0	0	0	0	0	0
ASV_645	0	0	0	0	0	0	0	0	0	6	0	2	0	0	0	0	0	0	22	0	0	0	0	7	20	9	0	0	0	1	0	0	0	0	0	0
ASV_689	0	0	0	0	0	0	0	0	0	0	0	0	0	0	0	0	0	0	0	0	0	0	0	2752	0	0	0	0	0	0	0	0	0	0	0	0
ASV_691	0	0	0	0	0	0	0	0	0	1	0	0	0	0	0	0	0	0	0	0	0	0	0	0	0	0	0	0	0	0	0	0	0	0	0	0
ASV_741	4	0	0	0	0	0	0	0	0	2	30	21	0	13	0	29	0	0	0	0	0	43	0	0	0	0	0	2	0	0	0	0	0	0	0	36
ASV_755	0	0	0	0	0	0	0	0	0	0	0	0	0	0	2	0	0	1	0	0	0	0	0	0	1	0	0	0	0	2	0	0	0	1	0	0
ASV_764	0	0	0	0	0	0	0	0	0	17	0	0	0	1	0	0	3	1	0	0	0	0	0	0	0	0	0	0	2	0	0	0	3	0	0	0
ASV_782	0	0	0	0	0	0	0	0	0	0	0	0	0	0	0	0	0	0	0	0	1	0	0	0	0	0	0	0	0	0	0	0	0	0	0	0
ASV_802	0	0	0	0	0	0	0	0	0	12	0	3	2	0	0	6	0	0	0	0	0	0	0	0	0	0	0	0	0	0	0	2	0	0	0	2
ASV_825	0	0	0	0	0	0	0	0	62	132	0	3	0	21	31	0	0	0	0	0	1	0	0	134	0	0	0	0	0	2	0	0	0	0	0	0
ASV_852	0	0	0	0	0	0	0	0	0	2	2	2	0	0	0	2	0	0	0	0	0	7	0	0	1	0	0	0	0	0	0	0	0	0	0	3
ASV_894	0	0	0	0	0	0	0	0	0	3	0	0	0	0	0	0	0	0	0	0	5563	0	0	0	2	0	0	0	0	0	0	0	0	0	0	0
ASV_912	0	0	0	0	0	0	0	0	0	0	0	0	0	0	0	0	1	0	0	0	3	1	0	1	2	0	0	0	0	15	0	0	0	0	0	0
ASV_925	0	0	1	0	0	0	0	0	0	0	0	0	0	0	0	0	0	0	0	0	0	0	0	0	0	0	0	0	0	0	0	0	0	0	0	0
ASV_985	0	0	0	0	0	0	0	0	0	0	0	0	0	0	1	0	0	1	0	0	0	0	0	0	0	0	0	0	0	1	0	0	0	2	0	0
ASV_992	0	0	0	0	0	0	0	0	0	0	0	0	0	0	0	0	0	0	0	0	1	4611	0	0	0	1	0	0	0	0	0	0	0	0	0	0
ASV_997	0	0	0	0	0	0	0	4574	0	0	0	0	0	0	0	0	0	0	0	0	0	0	0	0	0	0	0	0	0	0	0	0	0	0	0	0
ASV_1002	0	0	0	0	0	0	0	0	0	0	0	0	8	0	0	0	0	25	4	11	0	0	0	0	0	0	7	0	0	0	5	0	0	0	12	0
ASV_1045	1	0	0	0	0	0	0	0	0	1	0	0	0	0	0	0	0	0	6	0	0	0	0	1	26	3849	0	0	0	0	0	0	0	0	0	0
ASV_1066	0	0	0	0	0	0	0	0	1	0	0	0	0	0	0	0	0	0	0	3412	0	0	0	0	0	0	0	0	0	0	0	0	0	0	0	2
ASV_1073	0	0	0	0	0	0	0	0	0	0	0	0	0	0	2	0	0	0	0	0	0	0	0	0	0	0	0	0	0	0	0	0	0	0	0	0
ASV_1085	0	0	1	0	0	0	0	0	0	0	0	0	0	0	0	0	0	0	0	0	0	0	0	0	0	0	0	0	0	0	0	0	0	0	0	0
ASV_1101	3	0	0	0	0	0	0	0	0	0	3	1	0	0	0	3	3	0	0	0	0	7	0	0	0	2	0	0	0	0	0	0	0	0	0	2
ASV_1121	0	0	0	0	0	0	0	0	0	8	12	11	1	2733	0	5	2	0	0	0	0	16	0	0	0	0	0	0	0	0	0	0	1	0	0	24
ASV_1162	0	0	0	0	0	0	0	0	0	0	0	0	0	1	0	4	3396	0	0	0	0	2	0	0	0	0	0	0	0	0	0	0	3	0	0	0
ASV_1182	0	0	0	0	0	0	0	0	0	1	0	0	5	0	0	0	1	8	3	4	0	0	0	0	0	0	0	0	1	0	0	0	0	0	4	0
ASV_1202	0	0	0	0	0	0	0	0	0	1	0	0	2	0	0	0	0	16	5	19	0	0	0	0	0	0	0	0	0	0	5	0	0	0	24	0
ASV_1212	2	0	0	0	0	0	0	0	0	1574	22	15	0	1	0	5	0	0	0	0	0	35	0	0	1	0	0	0	0	0	0	0	0	0	0	23
ASV_1245	4	0	0	0	0	0	0	0	0	3	21	7	0	2	0	27	0	0	0	0	0	13	0	0	0	0	0	0	0	0	0	0	0	0	0	18
ASV_1254	0	0	0	0	0	0	0	0	0	0	0	0	0	0	0	0	0	0	0	0	2	0	0	0	1	0	0	0	0	0	0	0	0	0	0	0
ASV_1261	0	0	0	0	0	0	0	0	0	0	0	0	0	0	0	3	0	0	0	0	0	0	0	0	0	0	0	1	0	0	0	0	0	0	0	0
ASV_1271	0	0	0	0	0	0	0	0	0	0	0	0	2853	0	0	1	0	0	3	0	0	0	0	0	0	0	0	0	0	0	0	1	0	0	0	0
ASV_1273	0	0	0	0	0	0	0	0	0	0	7	0	0	0	0	2778	1	0	0	0	0	1	0	2	0	0	0	0	0	0	0	0	0	0	0	4
ASV_1277	0	0	0	0	0	0	0	0	0	0	0	0	1	0	0	0	0	2	0	2	0	0	0	1	4	1	0	63	39	0	0	0	0	0	0	0
ASV_1298	0	0	0	0	0	0	0	0	0	0	0	0	0	2745	0	0	0	0	0	0	0	1	0	0	0	0	0	0	0	0	0	0	0	0	0	0
ASV_1336	0	0	0	0	0	0	0	0	0	1	0	0	6	0	0	0	0	4	0	4	0	13	0	3	535	22	0	73	135	0	0	0	0	0	0	0
ASV_1340	0	0	0	0	0	0	0	1	0	0	0	0	0	0	0	0	0	0	0	0	0	0	0	0	0	0	0	0	0	0	0	0	0	0	0	0
ASV_1369	3	0	0	0	0	0	0	0	0	1	27	21	0	1	0	17	0	0	0	0	0	30	0	0	0	0	0	0	0	0	0	0	0	0	0	40
ASV_1382	827	0	0	0	0	0	0	0	0	0	2	0	0	0	0	0	0	0	0	0	0	2	0	0	0	3	0	0	0	0	3	0	1	0	0	0
ASV_1392	0	0	0	0	0	0	0	209	9	0	0	0	0	0	0	0	0	1	0	0	0	0	0	0	0	0	0	7	0	0	0	0	0	0	0	0
ASV_1463	0	0	0	0	0	0	0	0	0	1	0	0	0	0	0	0	0	0	7	0	0	0	0	4	11	2031	0	0	0	0	0	0	0	0	0	0
ASV_1469	0	0	0	0	0	0	0	0	0	0	0	0	0	0	2157	0	0	0	0	0	0	0	0	0	0	0	0	0	0	1	0	0	0	1	0	1
ASV_1475	0	0	0	0	0	0	0	0	0	0	0	2133	0	0	0	0	0	0	0	0	0	0	0	0	0	0	0	0	0	0	3	0	0	0	0	0
ASV_1477	0	0	0	0	0	0	0	0	0	0	0	0	3	0	0	0	0	3	2	0	0	0	0	0	0	0	0	0	0	0	0	0	0	0	2	0
ASV_1481	0	0	0	0	0	0	0	0	0	0	0	2125	0	0	1	0	0	0	0	0	0	0	0	0	0	0	0	0	0	0	0	0	0	0	0	0
ASV_1517	0	0	0	0	357	2	0	0	0	0	0	0	16	0	0	0	0	0	0	0	0	0	0	0	0	0	158	0	0	0	0	0	267	0	0	0
ASV_1524	0	0	0	0	0	0	0	0	0	0	0	0	34	0	0	0	9	0	0	0	299	9	0	4	0	26	0	0	0	0	0	0	0	0	0	0
ASV_1569	0	0	0	0	0	0	0	0	0	0	0	0	0	0	0	3	1899	0	0	0	0	0	0	0	0	0	0	0	0	0	0	0	0	0	0	0
ASV_1606	0	0	0	10	0	0	0	0	0	0	0	0	0	0	0	0	0	0	0	0	0	0	0	0	0	0	0	0	0	0	0	0	0	0	0	0
ASV_1704	0	0	0	0	0	0	0	0	0	0	7	2	0	0	0	3	0	0	0	0	0	4	0	0	0	2	0	0	0	0	0	0	0	0	0	6
ASV_1716	0	0	0	0	0	1	0	0	0	0	0	0	0	0	0	0	0	0	0	0	0	0	0	0	0	0	0	0	0	0	0	0	0	0	0	0
ASV_1718	0	0	0	0	0	0	0	0	0	1	0	0	4	0	0	0	0	7	0	2	0	2	0	0	9	6	0	18	43	0	0	0	0	0	0	0
ASV_1779	0	0	0	0	0	0	0	0	0	0	0	0	0	0	0	0	0	0	0	1445	0	0	0	2	0	0	0	0	0	0	0	0	0	0	0	3
ASV_1784	0	0	0	0	0	0	0	0	0	0	0	0	967	0	0	0	0	7	0	11	0	8	0	0	100	3	0	49	108	0	0	0	0	2	0	0
ASV_1789	0	0	0	0	0	0	0	0	0	0	0	0	0	0	0	0	0	0	0	0	0	0	1	0	0	0	0	0	0	0	0	1	0	0	0	0
ASV_1791	0	0	0	0	0	0	0	0	0	5	0	0	0	0	0	0	0	0	0	0	0	0	0	0	0	0	0	0	0	0	0	0	0	0	0	0
ASV_1841	0	0	0	0	0	0	0	0	0	0	1	0	0	0	0	6	0	0	0	0	0	0	0	16	0	0	0	1	0	0	0	0	0	0	0	0
ASV_1843	0	0	0	0	0	0	0	0	0	0	0	0	0	0	1	0	0	0	0	0	0	0	0	3	0	0	1	0	0	0	0	0	0	0	0	0
ASV_1856	0	0	0	0	0	0	0	0	0	0	1	0	0	0	0	1	0	0	0	0	0	1	0	15	0	0	0	0	0	0	0	0	0	0	0	1
ASV_1944	0	0	0	0	26	0	0	0	0	0	0	0	0	0	0	0	0	0	0	0	0	0	0	0	0	0	0	0	0	0	0	0	0	0	0	0
ASV_2071	0	0	0	0	0	0	0	0	0	6	2	0	0	0	0	0	0	0	0	0	0	2	0	0	0	0	0	0	0	0	0	0	0	0	0	0
ASV_2146	0	0	0	0	0	0	0	0	0	0	0	0	0	0	0	0	0	2	0	0	1	0	0	0	0	0	0	0	0	0	0	0	0	0	0	0
ASV_2170	0	0	0	0	0	0	0	0	0	0	0	0	0	0	0	0	0	0	0	0	129	0	0	0	0	0	0	0	0	0	0	0	0	0	0	0
ASV_2237	0	1	0	0	0	0	0	0	0	0	0	0	0	0	0	0	0	0	0	0	0	0	0	0	0	0	0	0	0	0	0	0	0	0	0	0
ASV_2243	0	0	0	0	0	0	0	0	0	0	0	0	1	0	0	0	0	0	0	0	0	0	0	0	0	0	0	0	0	0	0	0	0	0	0	0
ASV_2259	0	0	0	0	0	0	0	0	0	0	0	0	0	0	0	0	0	2	0	0	0	1	0	0	3	2	0	4	11	0	0	0	0	0	0	0
ASV_2403	0	0	0	0	0	0	0	0	0	0	0	0	0	0	0	2	0	0	0	0	0	0	0	0	0	0	0	0	0	0	0	802	0	0	0	0
ASV_2408	0	0	0	0	0	0	0	0	0	0	2	2	0	0	2	3	0	0	0	0	0	7	0	0	0	0	0	0	0	0	0	0	0	0	0	4
ASV_2490	0	0	0	0	0	0	0	0	0	0	0	0	0	0	0	0	0	0	0	0	0	0	1	0	0	0	0	0	0	0	0	0	0	0	0	0
ASV_2508	0	0	0	0	0	0	0	0	0	9	0	0	0	0	0	0	0	0	0	0	0	0	0	0	0	0	0	0	0	0	0	0	0	0	0	0
ASV_2745	0	0	0	0	0	0	0	0	0	0	1	0	0	0	0	0	0	0	0	0	0	1	0	0	0	0	0	0	0	0	0	0	0	0	0	1
ASV_2802	0	0	0	0	0	0	0	0	0	0	0	0	1	0	0	0	0	3	1	1	0	0	0	0	0	0	553	0	0	0	0	0	0	0	1	0
ASV_2822	0	0	0	0	0	0	0	0	0	1	0	0	0	0	0	0	0	0	0	0	0	1	0	0	0	0	0	0	0	0	0	0	0	0	0	0
ASV_2846	0	0	0	0	0	0	0	0	0	7	0	0	1	0	0	0	0	0	0	0	0	0	0	0	0	0	0	0	0	0	0	0	0	0	0	0
ASV_2872	2	0	0	0	0	0	0	0	0	0	0	0	0	0	0	0	0	0	0	0	0	0	6	0	0	0	0	0	0	0	0	0	0	0	0	0
ASV_2913	0	0	0	0	0	0	0	0	0	0	0	0	0	0	0	0	0	0	0	534	0	0	0	1	0	0	0	0	0	0	0	0	0	0	0	0
ASV_2969	0	0	0	0	0	0	0	0	0	0	0	0	0	0	0	1	0	0	0	0	0	0	0	0	0	0	0	0	0	0	0	0	0	0	0	0
ASV_3052	0	0	0	0	0	0	0	0	0	0	0	0	0	462	0	0	0	0	0	0	0	0	0	0	0	0	0	0	0	0	0	0	0	0	0	0
ASV_3053	0	0	0	0	0	0	0	0	0	0	0	0	0	0	0	0	0	0	9	0	0	0	0	0	1	3	0	0	0	0	0	0	0	0	0	1
ASV_3112	1	0	0	0	0	0	0	0	0	1	0	0	0	0	0	0	0	0	0	0	0	0	0	0	0	0	0	0	0	0	0	0	0	0	0	0
ASV_3230	0	0	0	0	6	0	0	0	0	0	0	0	0	0	0	0	0	0	0	0	0	0	0	0	0	0	0	0	0	0	0	0	0	0	0	0
ASV_3300	0	0	0	0	0	0	0	0	0	0	1	0	0	0	0	4	0	0	0	0	0	1	0	0	0	0	0	0	0	0	0	0	0	0	0	3
ASV_3428	0	0	0	0	0	0	0	0	0	0	0	0	0	0	0	1	371	0	0	0	0	0	0	0	0	0	0	0	0	0	0	0	0	0	0	0
ASV_3524	0	0	0	0	0	0	0	0	0	0	0	4	0	0	0	0	0	10	0	0	0	0	0	0	0	0	0	0	0	0	0	0	0	0	0	0
ASV_3692	0	0	0	0	0	0	0	0	0	1	0	0	0	0	0	1	0	0	0	0	0	0	0	0	0	0	0	0	0	0	0	0	0	0	0	0
ASV_3747	0	0	0	0	0	0	0	0	0	0	0	0	0	0	0	0	0	0	0	0	0	0	0	0	0	0	0	0	0	0	0	7	0	1	0	0
ASV_3803	0	0	0	0	0	0	0	0	0	0	0	0	297	0	0	0	0	0	0	0	0	0	0	0	0	0	0	0	0	0	0	0	0	0	0	0
ASV_3815	0	0	0	0	0	0	0	0	0	0	0	0	0	0	0	0	0	0	0	0	0	0	0	0	0	0	0	0	0	0	2	294	0	0	0	0
ASV_3927	0	0	0	0	0	0	0	0	0	0	0	273	0	0	0	0	0	0	0	0	0	0	0	0	0	0	1	0	0	0	0	0	0	0	0	0
ASV_3956	0	0	0	0	0	0	0	0	2	0	0	0	0	0	261	0	0	0	0	0	0	0	0	0	0	0	0	0	0	0	0	0	0	0	0	0
ASV_4045	0	0	0	0	0	0	0	0	0	0	0	0	0	0	0	0	0	0	0	0	0	0	0	0	0	0	0	0	0	0	0	0	0	0	0	1
ASV_4614	0	0	0	0	0	0	0	0	0	0	0	0	0	0	0	0	0	0	0	0	0	0	0	0	0	0	0	0	0	187	0	0	0	0	0	0
ASV_4899	0	0	0	0	0	0	0	0	0	0	0	0	11	0	0	0	0	0	0	0	0	0	1	0	0	0	0	0	0	0	1	0	0	0	1	0
ASV_4952	0	0	0	0	0	0	0	159	0	0	0	0	0	0	0	0	0	0	0	0	0	0	0	0	0	0	0	0	0	0	0	0	0	0	0	0
ASV_4964	0	0	0	0	0	0	0	0	0	0	0	0	0	0	0	0	0	131	0	0	0	0	0	0	0	0	0	0	0	0	0	0	0	0	0	0
ASV_4995	0	0	0	0	0	0	0	0	0	0	0	0	0	0	0	1	0	0	0	0	0	0	0	153	0	0	0	0	0	0	0	0	0	0	0	0
ASV_5122	0	0	0	0	0	0	0	0	0	3	1	3	0	0	0	0	0	0	0	0	0	1	0	0	0	0	0	0	0	0	0	0	0	0	0	2
ASV_5354	0	0	0	0	0	0	0	0	0	0	0	0	0	0	0	0	0	0	127	0	0	0	0	0	0	0	0	0	0	0	0	0	0	0	0	0
ASV_5553	0	0	0	0	0	0	0	0	0	0	0	0	0	0	0	0	0	0	0	0	0	0	0	0	0	0	0	0	0	0	0	0	0	0	119	0
ASV_5628	0	0	0	0	0	0	0	0	0	0	0	0	0	0	0	0	0	0	0	0	0	0	0	0	0	0	0	0	37	0	0	0	0	0	0	0
ASV_5752	0	0	0	0	0	0	0	0	0	0	1	0	0	0	0	0	0	0	0	0	0	0	0	0	0	0	0	0	0	0	0	0	0	0	0	0
ASV_5832	0	0	0	0	0	0	0	0	0	0	0	0	0	0	0	0	0	0	0	0	0	0	0	0	0	0	0	0	1	0	0	0	0	0	0	0
ASV_5855	0	0	0	0	0	0	0	0	0	3	0	0	0	0	0	0	0	0	0	0	0	0	0	0	0	0	0	0	0	0	0	0	0	0	0	0
ASV_6075	0	0	0	0	0	0	0	0	0	0	0	0	0	0	0	0	0	0	0	98	0	0	0	0	0	0	0	0	0	0	0	0	0	0	0	0
ASV_6191	0	0	0	0	0	0	0	0	0	0	0	0	0	0	0	0	0	0	0	0	0	0	0	0	0	94	0	0	0	0	0	0	0	0	0	0
ASV_6314	0	0	0	0	0	0	0	0	0	0	0	0	0	0	0	0	0	0	0	0	0	0	0	0	0	0	89	0	0	0	0	0	0	0	0	0
ASV_6719	0	0	0	0	0	0	0	0	0	0	0	0	0	0	0	0	77	0	0	0	0	0	0	0	0	0	0	0	0	0	0	0	0	0	0	0
ASV_7241	0	0	0	0	0	0	0	0	0	0	0	64	0	0	0	0	0	0	0	0	0	0	0	0	0	0	0	0	0	0	0	0	0	0	0	0
ASV_7872	0	0	0	0	0	0	0	0	0	0	0	0	3	0	0	0	0	4	0	2	0	0	0	0	0	0	0	0	0	0	0	0	0	0	12	0
ASV_8238	0	0	0	0	0	0	0	0	0	0	0	0	3	0	0	0	1	0	0	0	1	0	0	0	0	1	0	0	0	0	0	0	0	0	0	0
ASV_8591	0	0	0	0	0	0	0	0	0	0	0	0	0	0	0	0	0	0	0	0	34	0	0	0	0	0	0	0	0	0	0	0	0	0	0	0
ASV_8854	0	0	0	0	0	0	0	0	0	0	0	0	0	0	0	0	0	0	0	0	0	0	0	0	0	0	0	29	1	0	0	0	0	0	0	0
ASV_9109	0	0	0	0	0	0	0	0	0	0	0	0	0	0	0	0	0	0	3	0	0	0	0	0	3	3	0	0	0	0	0	0	0	0	0	0
ASV_9335	0	0	0	0	0	0	0	0	0	0	0	0	0	1	0	4	0	0	0	0	0	2	0	0	0	0	0	0	0	0	0	0	0	0	0	3
ASV_10595	0	0	0	0	0	0	0	0	0	0	0	0	0	0	0	0	0	0	0	0	0	0	1	0	0	0	0	0	0	0	0	0	0	0	0	0
ASV_13318	0	0	0	0	0	0	0	0	0	0	0	0	0	0	1	0	0	0	0	0	0	0	0	0	0	0	0	0	0	4	0	0	0	0	0	0
ASV_15800	0	0	0	0	0	0	0	1	0	0	0	0	0	0	0	0	0	0	0	0	0	0	0	0	0	0	0	0	0	0	0	0	0	0	0	0
ASV_17071	0	0	0	6	0	0	0	0	0	0	0	0	0	0	0	0	0	0	0	0	0	0	0	0	0	0	0	0	0	0	0	0	0	0	0	0
ASV_19950	0	0	0	0	0	0	0	0	0	0	0	0	0	0	0	0	0	0	0	0	4	0	0	0	0	0	0	0	0	0	0	0	0	0	0	0
ASV_22703	3	0	0	0	0	0	0	0	0	0	0	0	0	0	0	0	0	0	0	0	0	0	0	0	0	0	0	0	0	0	0	0	0	0	0	0
ASV_33581	0	0	0	0	0	0	0	0	0	0	0	0	0	0	0	0	0	0	0	0	0	0	0	0	0	0	0	0	0	0	0	0	0	1	0	0
ASV_33593	0	0	0	0	0	0	0	0	0	1	0	0	0	0	0	0	0	0	0	0	0	0	0	0	0	0	0	0	0	0	0	0	0	0	0	0
ASV_33612	0	0	0	0	0	0	0	0	0	1	0	0	0	0	0	0	0	0	0	0	0	0	0	0	0	0	0	0	0	0	0	0	0	0	0	0
